{"root":[{"assemblyName":"Cinemachine","nameSpace":"Cinemachine","className":"CinemachineStoryboard","methodName":"InitializeModule","loadTypes":0,"isUnityClass":false},{"assemblyName":"Cinemachine","nameSpace":"Cinemachine","className":"CinemachineCore","methodName":"InitializeModule","loadTypes":0,"isUnityClass":false},{"assemblyName":"Cinemachine","nameSpace":"Cinemachine","className":"UpdateTracker","methodName":"InitializeModule","loadTypes":0,"isUnityClass":false},{"assemblyName":"Cinemachine","nameSpace":"Cinemachine","className":"CinemachineImpulseManager","methodName":"InitializeModule","loadTypes":0,"isUnityClass":false},{"assemblyName":"Unity.AdaptivePerformance","nameSpace":"UnityEngine.AdaptivePerformance","className":"AdaptivePerformanceInitializer","methodName":"AutoInitialize","loadTypes":1,"isUnityClass":true},{"assemblyName":"Unity.AdaptivePerformance","nameSpace":"UnityEngine.AdaptivePerformance","className":"AdaptivePerformanceGeneralSettings","methodName":"AttemptInitializeAdaptivePerformanceOnLoad","loadTypes":2,"isUnityClass":true},{"assemblyName":"Unity.AdaptivePerformance","nameSpace":"UnityEngine.AdaptivePerformance","className":"AdaptivePerformanceGeneralSettings","methodName":"AttemptStartAdaptivePerformanceOnBeforeSplashScreen","loadTypes":3,"isUnityClass":true},{"assemblyName":"Unity.VisualScripting.Core","nameSpace":"Unity.VisualScripting","className":"RuntimeVSUsageUtility","methodName":"RuntimeInitializeOnLoadBeforeSceneLoad","loadTypes":1,"isUnityClass":true}]}
